symbol,name,time,epsEstimate,reportedEps,suprise,date
PKE,Park Electrochemical Corp,Before Market Open,0.07,0.1,+42.86,2019-01-02
SONC,Sonic Corp,After Market Close,-,-,-,2019-01-02
PCRX,Pacira Biosciences Inc,TAS,0.27,0.47,+74.07,2019-01-03
CCF,Chase Corp,Time Not Supplied,-,-,-,2019-01-03
SMPL,Simply Good Foods Co,TAS,0.19,0.18,-5.26,2019-01-03
LNDC,Landec Corp,TAS,-0.02,-0.02,-,2019-01-03
RECN,Resources Connection Inc,TAS,0.23,0.33,+43.48,2019-01-03
UNF,UniFirst Corp,TAS,1.92,1.99,+3.65,2019-01-03
NOBH,Nobility Homes Inc,Time Not Supplied,-,-,-,2019-01-03
OHRP,OHR Pharmaceutical Inc,TAS,-,-,-,2019-01-03
ANGO,AngioDynamics Inc,TAS,0.21,0.22,+4.76,2019-01-04
CALM,Cal-Maine Foods Inc,TAS,0.48,0.49,+2.08,2019-01-04
HURC,Hurco Companies Inc,Before Market Open,-,-,-,2019-01-04
TAYD,Taylor Devices Inc,Time Not Supplied,-,-,-,2019-01-04
LW,Lamb Weston Holdings Inc,TAS,0.72,0.8,+11.11,2019-01-04
NEPH,Nephros Inc,Time Not Supplied,-,-,-,2019-01-04
RPM,RPM International Inc,TAS,0.67,0.52,-22.39,2019-01-04
EXAS,Exact Sciences Corp,TAS,-0.49,-0.44,+10.2,2019-01-06
AMAG,AMAG Pharmaceuticals Inc,TAS,-0.88,-0.6,+31.82,2019-01-07
ETCC,Environmental Tectonics Corp,After Market Close,-,-,-,2019-01-07
CMC,Commercial Metals Co,TAS,0.33,0.35,+6.06,2019-01-07
EACO,EACO Corp,After Market Close,-,-,-,2019-01-07
CUTR,Cutera Inc,TAS,0.15,-0.11,-173.33,2019-01-07
FPAY,FlexShopper Inc,After Market Close,-,-,-,2019-01-07
LKM,Link Motion Inc,After Market Close,-,-,-,2019-01-07
MPAA,Motorcar Parts of America Inc,Before Market Open,0.38,0.35,-7.89,2019-01-08
AZZ,AZZ Inc,TAS,0.61,-,-,2019-01-08
TVTV,Wherevertv Broadcasting Corporation Inc,Time Not Supplied,-,-,-,2019-01-08
NTIC,Northern Technologies International Corp,TAS,-,-,-,2019-01-08
LNN,Lindsay Corp,TAS,0.45,0.38,-15.56,2019-01-08
GMED,Globus Medical Inc,TAS,0.39,0.43,+10.26,2019-01-08
SGH,Smart Global Holdings Inc,After Market Close,1.77,1.75,-1.13,2019-01-08
KSHB,KushCo Holdings Inc,Before Market Open,-0.03,-0.1,-233.33,2019-01-08
HELE,Helen of Troy Ltd,TAS,2.38,2.4,+0.84,2019-01-08
SVU,Supervalu Inc,Before Market Open,-,-,-,2019-01-08
TLND,Talend SA,TAS,-0.15,-0.13,+13.33,2019-01-08
WDFC,WD-40 Co,TAS,0.95,0.95,-,2019-01-09
AYI,Acuity Brands Inc,TAS,2.14,2.32,+8.41,2019-01-09
BBBY,Bed Bath & Beyond Inc,TAS,0.17,0.18,+5.88,2019-01-09
STZ,Constellation Brands Inc,TAS,2.06,2.37,+15.05,2019-01-09
GBX,Greenbrier Companies Inc,TAS,0.47,0.54,+14.89,2019-01-09
LEN,Lennar Corp,TAS,1.92,2.42,+26.04,2019-01-09
CPPXF,Continental Energy Corp,Time Not Supplied,-,-,-,2019-01-09
MSM,MSC Industrial Direct Co Inc,TAS,1.32,1.33,+0.76,2019-01-09
CHK,Chesapeake Energy Corp,TAS,0.19,0.21,+10.53,2019-01-09
FC,Franklin Covey Co,TAS,-0.19,-0.1,+47.37,2019-01-09
KBH,KB Home,TAS,0.93,0.96,+3.23,2019-01-09
VISI,Volt Information Sciences Inc,TAS,-,-,-,2019-01-09
ISRG,Intuitive Surgical Inc,TAS,3.07,2.96,-3.58,2019-01-09
NEPH,Nephros Inc,Time Not Supplied,-,-,-,2019-01-09
PSMT,PriceSmart Inc,TAS,0.67,0.48,-28.36,2019-01-09
SCHN,Schnitzer Steel Industries Inc,TAS,0.57,0.58,+1.75,2019-01-09
SLP,Simulations Plus Inc,TAS,0.12,0.09,-25,2019-01-09
LOOP,Loop Industries Inc,After Market Close,-,-,-,2019-01-09
ALJJ,ALJ Regional Holdings Inc,TAS,-,-,-,2019-01-10
AEHR,AEHR Test Systems,TAS,-0.02,-0.02,-,2019-01-10
ADXS,Advaxis Inc,After Market Close,-2.2,-4.35,-97.73,2019-01-10
BKSC,Bank of South Carolina,Time Not Supplied,-,-,-,2019-01-10
CSVI,Computer Services Inc,Before Market Open,-,-,-,2019-01-10
VOXX,VOXX International Corp,TAS,-,-,-,2019-01-10
SAR,Saratoga Investment Corp,TAS,0.6,0.49,-18.33,2019-01-10
HGSH,China HGS Real Estate Inc,Before Market Open,-,-,-,2019-01-10
SNX,SYNNEX Corp,TAS,3.12,3.65,+16.99,2019-01-10
EMMS,Emmis Communications Corp,TAS,-,-,-,2019-01-10
LEDS,SemiLEDs Corp,After Market Close,-,-,-,2019-01-10
RELL,Richardson Electronics Ltd,TAS,0.05,-0.02,-140,2019-01-10
FCEL,FuelCell Energy Inc,TAS,-2.14,-2.28,-6.54,2019-01-10
JEF,Jefferies Financial Group Inc,TAS,0.57,0.56,-1.75,2019-01-10
SMIT,Schmitt Industries Inc,Time Not Supplied,-,-,-,2019-01-10
PSSR,Passur Aerospace Inc,Time Not Supplied,-,-,-,2019-01-11
SKY,Skyline Champion Corp,Before Market Open,0.22,0.27,+22.73,2019-01-11
SYEV,Seychelle Environmental Technologies Inc,After Market Close,-,-,-,2019-01-11
PIXY,ShiftPixy Inc,After Market Close,-,-,-,2019-01-11
TSRI,TSR Inc,After Market Close,-,-,-,2019-01-11
YRCW,YRC Worldwide Inc,Before Market Open,0.38,0.64,+68.42,2019-01-11
NSPR,InspireMD Inc,Time Not Supplied,-,-,-,2019-01-11
IBKR,Interactive Brokers Group Inc,TAS,0.61,0.57,-6.56,2019-01-14
FRMO,FRMO Corp,Time Not Supplied,-,-,-,2019-01-14
LMNR,Limoneira Co,TAS,-0.31,-0.3,+3.23,2019-01-14
C,Citigroup Inc,TAS,1.55,1.61,+3.87,2019-01-14
MVC,MVC Capital Inc,Before Market Open,0.12,0.08,-33.33,2019-01-14
DENN,Denny's Corp,TAS,0.18,0.18,-,2019-01-14
ENR,Energizer Holdings Inc,TAS,1.49,1.64,+10.07,2019-01-14
WAFD,Washington Federal Inc,TAS,0.61,0.65,+6.56,2019-01-14
OSS,One Stop Systems Inc,Time Not Supplied,0.06,0.09,+50,2019-01-14
PTE,PolarityTE Inc,TAS,-0.91,-0.96,-5.49,2019-01-14
RWLK,Rewalk Robotics Ltd,TAS,-3.5,-3.25,+7.14,2019-01-14
DAL,Delta Air Lines Inc,TAS,1.27,1.3,+2.36,2019-01-15
CNBKA,Century Bancorp Inc,After Market Close,-,-,-,2019-01-15
FRC,First Republic Bank,TAS,1.23,1.29,+4.88,2019-01-15
BMRA,Biomerica Inc,TAS,-0.05,-0.05,-,2019-01-15
NCBS,Nicolet Bankshares Inc,After Market Close,0.98,1.11,+13.27,2019-01-15
CXKJ,CX Network Group Inc,Time Not Supplied,-,-,-,2019-01-15
UAL,United Continental Holdings Inc,TAS,2.04,2.41,+18.14,2019-01-15
FULT,Fulton Financial Corp,TAS,0.35,0.33,-5.71,2019-01-15
ENBP,ENB Financial Corp,Time Not Supplied,-,-,-,2019-01-15
JPM,JPMorgan Chase & Co,TAS,2.2,1.98,-10,2019-01-15
EDUC,Educational Development Corp,TAS,-,-,-,2019-01-15
SNV,Synovus Financial Corp,TAS,0.93,0.87,-6.45,2019-01-15
WFC,Wells Fargo & Co,TAS,1.17,1.09,-6.84,2019-01-15
HAFC,Hanmi Financial Corp,TAS,0.51,0.46,-9.8,2019-01-15
DAN,Dana Inc,TAS,0.65,0.71,+9.23,2019-01-15
PNFP,Pinnacle Financial Partners Inc,TAS,1.23,1.25,+1.63,2019-01-15
UNH,UnitedHealth Group Inc,TAS,3.21,3.28,+2.18,2019-01-15
UEEC,United Health Products Inc,Time Not Supplied,-,-,-,2019-01-15
INFO,IHS Markit Ltd,TAS,0.55,0.57,+3.64,2019-01-15
SVIN,Scheid Vineyards Inc,Time Not Supplied,-,-,-,2019-01-15
AA,Alcoa Corp,TAS,0.5,0.66,+32,2019-01-16
BAC,Bank of America Corp,TAS,0.63,0.7,+11.11,2019-01-16
CTBI,Community Trust Bancorp Inc,TAS,0.88,0.89,+1.14,2019-01-16
PLBC,Plumas Bancorp,After Market Close,-,-,-,2019-01-16
USB,U.S. Bancorp,TAS,1.06,1.07,+0.94,2019-01-16
UNB,Union Bankshares Inc,Time Not Supplied,-,-,-,2019-01-16
BLK,BlackRock Inc,TAS,6.27,6.08,-3.03,2019-01-16
EGBN,Eagle Bancorp Inc,TAS,1.14,1.17,+2.63,2019-01-16
BK,Bank of New York Mellon Corp,TAS,0.92,0.99,+7.61,2019-01-16
WBBW,Westbury Bancorp Inc,Time Not Supplied,-,-,-,2019-01-16
STBI,Sturgis Bancorp Inc,Time Not Supplied,-,-,-,2019-01-16
PLXS,Plexus Corp,TAS,0.9,0.91,+1.11,2019-01-16
CSX,CSX Corp,TAS,0.99,1.01,+2.02,2019-01-16
SCHW,Charles Schwab Corp,Before Market Open,0.64,0.65,+1.56,2019-01-16
CMA,Comerica Inc,TAS,1.87,1.88,+0.53,2019-01-16
FUL,HB Fuller Co,TAS,0.98,0.9,-8.16,2019-01-16
HWC,Hancock Whitney Corp,TAS,1.12,1.12,-,2019-01-16
FCCO,First Community Corp,Time Not Supplied,0.37,0.35,-5.41,2019-01-16
QEPC,QEP Co Inc,TAS,-,-,-,2019-01-16
PNC,PNC Financial Services Group Inc,TAS,2.79,2.75,-1.43,2019-01-16
FISV,Fiserv Inc,TAS,0.86,0.94,+9.3,2019-01-16
GS,Goldman Sachs Group Inc,TAS,4.45,6.04,+35.73,2019-01-16
KMI,Kinder Morgan Inc,TAS,0.26,0.25,-3.85,2019-01-16
MMND,Mastermind Inc,Time Not Supplied,-,-,-,2019-01-16
PTSI,PAM Transportation Services Inc,TAS,0.26,0.3,+15.38,2019-01-16
TEAM,Atlassian Corporation PLC,TAS,0.21,0.25,+19.05,2019-01-17
AXP,American Express Co,TAS,1.8,1.74,-3.33,2019-01-17
AMNB,American National Bankshares Inc,TAS,0.68,0.67,-1.47,2019-01-17
OZK,Bank Ozk,TAS,0.83,0.89,+7.23,2019-01-17
MBCN,Middlefield Banc Corp,Before Market Open,0.96,1.05,+9.38,2019-01-17
WABC,Westamerica Bancorp,TAS,0.7,0.71,+1.43,2019-01-17
CBSH,Commerce Bancshares Inc,TAS,0.94,0.96,+2.13,2019-01-17
SCBH,Seacoast Commerce Banc Holdings,Time Not Supplied,-,-,-,2019-01-17
HOMB,Home BancShares Inc,TAS,0.45,0.44,-2.22,2019-01-17
MTB,M&T Bank Corp,TAS,3.5,3.76,+7.43,2019-01-17
BMTC,Bryn Mawr Bank Corp,TAS,0.8,0.84,+5,2019-01-17
PACW,PacWest Bancorp,TAS,0.92,0.93,+1.09,2019-01-17
PFBC,Preferred Bank,TAS,1.23,1.08,-12.2,2019-01-17
INDB,Independent Bank Corp,TAS,1.2,1.07,-10.83,2019-01-17
BBT,BB&T Corp,TAS,1.04,0.97,-6.73,2019-01-17
BSET,Bassett Furniture Industries Inc,Before Market Open,0.37,0.17,-54.05,2019-01-17
JBHT,J B Hunt Transport Services Inc,TAS,1.48,1.78,+20.27,2019-01-17
SASR,Sandy Spring Bancorp Inc,TAS,0.79,0.72,-8.86,2019-01-17
SBNY,Signature Bank,TAS,2.8,2.94,+5,2019-01-17
MTG,MGIC Investment Corp,TAS,0.39,0.42,+7.69,2019-01-17
ENFC,Entegra Financial Corp,After Market Close,0.5,0.54,+8,2019-01-17
FAST,Fastenal Co,TAS,0.3,0.29,-3.33,2019-01-17
LION,Fidelity Southern Corp,Time Not Supplied,0.33,0.36,+9.09,2019-01-17
CSV,Carriage Services Inc,TAS,0.19,0.23,+21.05,2019-01-17
PRGS,Progress Software Corp,After Market Close,0.73,0.76,+4.11,2019-01-17
PBCT,People's United Financial Inc,TAS,0.34,0.35,+2.94,2019-01-17
PBCT,People's United Financial Inc,TAS,0.34,0.35,+2.94,2019-01-17
WNS,WNS (Holdings) Ltd,TAS,0.61,0.73,+19.67,2019-01-17
NFLX,Netflix Inc,TAS,0.24,0.3,+25,2019-01-17
PPG,PPG Industries Inc,TAS,1.1,1.15,+4.55,2019-01-17
IIIN,Insteel Industries Inc,TAS,0.14,0.19,+35.71,2019-01-17
KEY,KeyCorp,TAS,0.47,0.48,+2.13,2019-01-17
MS,Morgan Stanley,TAS,0.89,0.8,-10.11,2019-01-17
SRCE,1st Source Corp,Time Not Supplied,0.86,0.82,-4.65,2019-01-18
DIT,AMCON Distributing Co,After Market Close,-,-,-,2019-01-18
ATLO,Ames National Corp,Time Not Supplied,-,-,-,2019-01-18
STI,SunTrust Banks Inc,TAS,1.38,1.5,+8.7,2019-01-18
CVLY,Codorus Valley Bancorp Inc,Time Not Supplied,-,-,-,2019-01-18
CCBC,Chino Commercial Bancorp,Time Not Supplied,-,-,-,2019-01-18
GFED,Guaranty Federal Bancshares Inc,Time Not Supplied,0.55,0.53,-3.64,2019-01-18
BANF,BancFirst Corp,After Market Close,0.94,0.98,+4.26,2019-01-18
CBAN,Colony Bankcorp Inc,Before Market Open,-,-,-,2019-01-18
INBK,First Internet Bancorp,After Market Close,0.6,0.53,-11.67,2019-01-18
OVLY,Oak Valley Bancorp,Time Not Supplied,-,-,-,2019-01-18
OVLY,Oak Valley Bancorp,Time Not Supplied,-,-,-,2019-01-18
FCBI,Frederick County Bancorp Inc,Time Not Supplied,-,-,-,2019-01-18
BEDU,Bright Scholar Education Holdings Ltd,TAS,0.19,0.19,-,2019-01-18
FNLC,First Bancorp Inc,After Market Close,-,-,-,2019-01-18
VABK,Virginia National Bankshares Corp,Time Not Supplied,-,-,-,2019-01-18
GRRB,Grandsouth Bancorp,Time Not Supplied,-,-,-,2019-01-18
BOCH,Bank of Commerce Holdings,Time Not Supplied,0.24,0.21,-12.5,2019-01-18
PBIP,Prudential Bancorp Inc,After Market Close,-,-,-,2019-01-18
FHN,First Horizon National Corp,TAS,0.36,0.35,-2.78,2019-01-18
STT,State Street Corp,TAS,1.67,1.68,+0.6,2019-01-18
ENFC,Entegra Financial Corp,TAS,0.5,0.54,+8,2019-01-18
JCTCF,Jewett-Cameron Trading Company Ltd,After Market Close,-,-,-,2019-01-18
KSU,Kansas City Southern,TAS,1.54,1.56,+1.3,2019-01-18
CFG,Citizens Financial Group Inc,TAS,0.94,0.96,+2.13,2019-01-18
SOTK,Sono-Tek Corp,Before Market Open,-,-,-,2019-01-18
VFC,VF Corp,TAS,1.1,1.31,+19.09,2019-01-18
RF,Regions Financial Corp,TAS,0.38,0.37,-2.63,2019-01-18
HIFS,Hingham Institution For Savings,Time Not Supplied,-,-,-,2019-01-18
RYFL,Royal Financial Inc,After Market Close,-,-,-,2019-01-18
SLB,Schlumberger NV,TAS,0.36,0.36,-,2019-01-18
ZION,Zions Bancorp,After Market Close,1.05,1.08,+2.86,2019-01-21
FDEF,First Defiance Financial Corp,After Market Close,0.56,0.62,+10.71,2019-01-21
EFSC,Enterprise Financial Services Corp,TAS,0.95,1.02,+7.37,2019-01-21
RMD,ResMed Inc,After Market Close,0.95,1,+5.26,2019-01-21
AMTD,TD Ameritrade Holding Corp,TAS,1.01,1.11,+9.9,2019-01-22
FMBL,Farmers And Merchants Bank of Long Beach,Before Market Open,-,-,-,2019-01-22
ARAY,Accuray Inc,TAS,-0.08,-0.05,+37.5,2019-01-22
ASRV,Ameriserv Financial Inc,Before Market Open,-,-,-,2019-01-22
AEYE,AudioEye Inc,TAS,-0.11,-0.19,-72.73,2019-01-22
UBSH,Atlantic Union Bankshares Corp,TAS,0.68,0.67,-1.47,2019-01-22
ALMC,Alimco Financial Corp,Time Not Supplied,-,-,-,2019-01-22
ATI,Allegheny Technologies Inc,TAS,0.35,0.31,-11.43,2019-01-22
TBNK,Territorial Bancorp Inc,After Market Close,0.48,0.5,+4.17,2019-01-22
CBKM,Consumers Bancorp Inc,Time Not Supplied,-,-,-,2019-01-22
CMTV,Community Bancorp,Time Not Supplied,-,-,-,2019-01-22
HOPE,Hope Bancorp Inc,TAS,0.35,0.36,+2.86,2019-01-22
UCBI,United Community Banks Inc,TAS,0.55,0.57,+3.64,2019-01-22
BIOQ,Bioqual Inc,Time Not Supplied,-,-,-,2019-01-22
PEBO,Peoples Bancorp Inc,TAS,0.67,0.71,+5.97,2019-01-22
TBK,Triumph Bancorp Inc,TAS,0.7,0.67,-4.29,2019-01-22
SFST,Southern First Bancshares Inc,Time Not Supplied,0.73,0.75,+2.74,2019-01-22
EBSB,Meridian Bancorp Inc,After Market Close,0.29,0.24,-17.24,2019-01-22
ENTX,Entera Bio Ltd,Time Not Supplied,-0.35,-0.17,+51.43,2019-01-22
FBC,Flagstar Bancorp Inc,TAS,0.72,0.72,-,2019-01-22
ONB,Old National Bancorp,TAS,0.36,0.22,-38.89,2019-01-22
OFG,OFG Bancorp,TAS,0.42,0.45,+7.14,2019-01-22
UBNK,United Financial Bancorp Inc,TAS,0.31,0.21,-32.26,2019-01-22
IBM,International Business Machines Corp,TAS,4.82,4.87,+1.04,2019-01-22
FITB,Fifth Third Bancorp,TAS,0.67,0.69,+2.99,2019-01-22
BSRR,Sierra Bancorp,Before Market Open,0.54,0.51,-5.56,2019-01-22
TRST,TrustCo Bank Corp N Y,TAS,0.16,0.17,+6.25,2019-01-22
FBSS,Fauquier Bankshares Inc,Time Not Supplied,-,-,-,2019-01-22
TSBK,Timberland Bancorp Inc,Time Not Supplied,-,-,-,2019-01-22
CSFL,Centerstate Bank Corp,After Market Close,0.52,0.54,+3.85,2019-01-22
UBOH,United Bancshares Inc,Time Not Supplied,-,-,-,2019-01-22
GSBC,Great Southern Bancorp Inc,After Market Close,1.12,1.23,+9.82,2019-01-22
MBWM,Mercantile Bank Corp,TAS,0.61,0.7,+14.75,2019-01-22
ZION,Zions Bancorporation NA,After Market Close,1.05,1.08,+2.86,2019-01-22
NWBI,Northwest Bancshares Inc,Before Market Open,0.27,0.26,-3.7,2019-01-22
SFBS,ServisFirst Bancshares Inc,TAS,0.68,0.67,-1.47,2019-01-22
BFIN,BankFinancial Corp,TAS,0.23,0.44,+91.3,2019-01-22
PCLB,Pinnacle Bancshares Inc,Time Not Supplied,-,-,-,2019-01-22
SWK,Stanley Black & Decker Inc,TAS,2.1,2.11,+0.48,2019-01-22
GNTY,Guaranty Bancshares Inc,After Market Close,0.52,0.55,+5.77,2019-01-22
FMBI,First Midwest Bancorp Inc,TAS,0.47,0.46,-2.13,2019-01-22
RNST,Renasant Corp,TAS,0.78,0.78,-,2019-01-22
TRV,Travelers Companies Inc,TAS,2.06,2.13,+3.4,2019-01-22
OPOF,Old Point Financial Corp,Before Market Open,-,-,-,2019-01-22
SFNC,Simmons First National Corp,TAS,0.61,0.6,-1.64,2019-01-22
CIIX,ChineseInvestors.com Inc,Time Not Supplied,-,-,-,2019-01-22
COF,Capital One Financial Corp,TAS,2.37,1.87,-21.1,2019-01-22
HAL,Halliburton Co,TAS,0.37,0.41,+10.81,2019-01-22
NAVI,Navient Corp,TAS,0.47,0.58,+23.4,2019-01-22
GATX,GATX Corp,TAS,0.74,0.84,+13.51,2019-01-22
UTX,United Technologies Corp,Before Market Open,1.53,1.95,+27.45,2019-01-22
CZFC,Citizens First Corp,Time Not Supplied,-,-,-,2019-01-22
SGB,Southwest Georgia Financial Corp,TAS,-,-,-,2019-01-22
WTFC,Wintrust Financial Corp,TAS,1.57,1.35,-14.01,2019-01-22
CNMD,Conmed Corp,TAS,0.72,0.73,+1.39,2019-01-22
WSFS,WSFS Financial Corp,TAS,0.9,0.94,+4.44,2019-01-22
FNB,F.N.B. Corp,TAS,0.29,0.3,+3.45,2019-01-22
STLD,Steel Dynamics Inc,TAS,1.21,1.31,+8.26,2019-01-22
SODI,Solitron Devices Inc,Time Not Supplied,-,-,-,2019-01-22
PETS,Petmed Express Inc,TAS,0.48,0.38,-20.83,2019-01-22
HTLD,Heartland Express Inc,TAS,0.23,0.27,+17.39,2019-01-22
EDU,New Oriental Education & Technology Group Inc,Before Market Open,0.03,0.14,+366.67,2019-01-22
MBFI,MB Financial Inc,Before Market Open,0.75,0.67,-10.67,2019-01-22
LTXB,LegacyTexas Financial Group Inc,TAS,0.83,0.89,+7.23,2019-01-22
HMST,HomeStreet Inc,TAS,0.36,0.38,+5.56,2019-01-22
MOJO,MOJO Organics Inc,Time Not Supplied,-,-,-,2019-01-22
ITKG,Integral Technologies Inc,After Market Close,-,-,-,2019-01-22
PLD,Prologis Inc,TAS,0.42,0.94,+123.81,2019-01-22
ROL,Rollins Inc,Before Market Open,0.17,0.16,-5.88,2019-01-22
LRN,K12 Inc,TAS,0.56,0.59,+5.36,2019-01-22
JNJ,Johnson & Johnson,TAS,1.95,1.97,+1.03,2019-01-22
ATGN,Altigen Communications Inc,TAS,-,-,-,2019-01-23
AZPN,Aspen Technology Inc,TAS,0.62,0.92,+48.39,2019-01-23
APH,Amphenol Corp,TAS,0.98,1.05,+7.14,2019-01-23
USAP,Universal Stainless & Alloy Products Inc,TAS,0.32,0.07,-78.12,2019-01-23
ADTN,ADTRAN Inc,TAS,-0.03,-0.12,-300,2019-01-23
ABT,Abbott Laboratories,TAS,0.81,0.81,-,2019-01-23
FFBC,First Financial Bancorp,TAS,0.58,0.61,+5.17,2019-01-23
CVCY,Central Valley Community Bancorp,After Market Close,0.39,0.38,-2.56,2019-01-23
LOB,Live Oak Bancshares Inc,After Market Close,0.12,0.26,+116.67,2019-01-23
SMBC,Southern Missouri Bancorp Inc,TAS,0.72,0.81,+12.5,2019-01-23
BHBK,Blue Hills Bancorp Inc,After Market Close,0.28,0.28,-,2019-01-23
GCBC,Greene County Bancorp Inc,Time Not Supplied,-,-,-,2019-01-23
STBZ,State Bank Financial Corp,Before Market Open,-,-,-,2019-01-23
UBFO,United Security Bancshares,Time Not Supplied,-,-,-,2019-01-23
BANR,Banner Corp,TAS,1.04,1.09,+4.81,2019-01-23
CATY,Cathay General Bancorp,TAS,0.8,0.8,-,2019-01-23
CATC,Cambridge Bancorp,Time Not Supplied,-,-,-,2019-01-23
BFC,Bank First National Corp,Time Not Supplied,0.88,0.91,+3.41,2019-01-23
UNTY,Unity Bancorp Inc,Time Not Supplied,0.53,0.53,-,2019-01-23
BXS,Bancorpsouth Bank,TAS,0.54,0.51,-5.56,2019-01-23
GFED,Guaranty Federal Bancshares Inc,Time Not Supplied,0.55,0.53,-3.64,2019-01-23
WAKE,Wake Forest Bancshares Inc,Time Not Supplied,-,-,-,2019-01-23
CBU,Community Bank System Inc,TAS,0.8,0.78,-2.5,2019-01-23
CLDB,Cortland Bancorp,Time Not Supplied,-,-,-,2019-01-23
ESBK,Elmira Savings Bank,Time Not Supplied,-,-,-,2019-01-23
ESSA,ESSA Bancorp Inc,Time Not Supplied,0.28,0.27,-3.57,2019-01-23
OSBC,Old Second Bancorp Inc,After Market Close,0.3,0.28,-6.67,2019-01-23
FNLC,First Bancorp Inc,After Market Close,-,-,-,2019-01-23
BGG,Briggs & Stratton Corp,TAS,0.25,0.2,-20,2019-01-23
STL,Sterling Bancorp,TAS,0.5,0.52,+4,2019-01-23
OLBK,Old Line Bancshares Inc,Time Not Supplied,0.58,0.59,+1.72,2019-01-23
FCBC,First Community Bankshares Inc,TAS,0.56,0.58,+3.57,2019-01-23
LMST,Limestone Bancorp Inc,Time Not Supplied,-,-,-,2019-01-23
BIOX,Bioceres Crop Solutions Corp,Time Not Supplied,-,-,-,2019-01-23
TCBI,Texas Capital Bancshares Inc,TAS,1.59,1.38,-13.21,2019-01-23
BKU,BankUnited Inc,TAS,0.61,0.6,-1.64,2019-01-23
FBNC,First Bancorp,After Market Close,0.73,0.77,+5.48,2019-01-23
MPX,Marine Products Corp,TAS,0.19,0.14,-26.32,2019-01-23
HXL,Hexcel Corp,TAS,0.79,0.82,+3.8,2019-01-23
FFWC,FFW Corp,Time Not Supplied,-,-,-,2019-01-23
RLI,RLI Corp,TAS,0.09,0.4,+344.44,2019-01-23
UMPQ,Umpqua Holdings Corp,TAS,0.39,0.36,-7.69,2019-01-23
PGR,Progressive Corp,Before Market Open,1.01,1.24,+22.77,2019-01-23
SMED,Sharps Compliance Corp,TAS,0.04,0.05,+25,2019-01-23
CVBF,CVB Financial Corp,TAS,0.34,0.31,-8.82,2019-01-23
PG,Procter & Gamble Co,TAS,1.21,1.25,+3.31,2019-01-23
TEL,TE Connectivity Ltd,TAS,1.28,1.29,+0.78,2019-01-23
CCI,Crown Castle International Corp,TAS,0.44,0.44,-,2019-01-23
FBK,FB Financial Corp,TAS,0.63,0.55,-12.7,2019-01-23
LVS,Las Vegas Sands Corp,TAS,0.84,0.77,-8.33,2019-01-23
F,Ford Motor Co,TAS,0.31,0.3,-3.23,2019-01-23
COFS,ChoiceOne Financial Services Inc,Time Not Supplied,-,-,-,2019-01-23
HARL,Harleysville Financial Corp,Time Not Supplied,-,-,-,2019-01-23
NTRS,Northern Trust Corp,TAS,1.64,1.8,+9.76,2019-01-23
NVEC,NVE Corp,TAS,-,-,-,2019-01-23
LRCX,Lam Research Corp,TAS,3.66,3.87,+5.74,2019-01-23
UCFC,United Community Financial Corp,TAS,0.2,0.18,-10,2019-01-23
WAT,Waters Corp,TAS,2.64,2.87,+8.71,2019-01-23
KMB,Kimberly-Clark Corp,TAS,1.65,1.6,-3.03,2019-01-23
CTXS,Citrix Systems Inc,TAS,1.59,1.67,+5.03,2019-01-23
CMRE,Costamare Inc,TAS,0.1,0.12,+20,2019-01-23
FXNC,First National Corp,Time Not Supplied,-,-,-,2019-01-23
FCAP,First Capital Inc,Time Not Supplied,-,-,-,2019-01-23
SLG,SL Green Realty Corp,TAS,0.27,-0.73,-370.37,2019-01-23
SLM,SLM Corp,TAS,0.27,0.33,+22.22,2019-01-23
CEFC,Commercial National Financial Corp,Before Market Open,-,-,-,2019-01-23
CMCSA,Comcast Corp,TAS,0.62,0.64,+3.23,2019-01-23
TRMK,Trustmark Corp,TAS,0.54,0.55,+1.85,2019-01-23
CHMG,Chemung Financial Corp,After Market Close,1.04,1.09,+4.81,2019-01-23
CNS,Cohen & Steers Inc,TAS,0.59,0.56,-5.08,2019-01-23
DYNE,Dyntek Inc,Time Not Supplied,-,-,-,2019-01-23
EAPH,Easton Pharmaceuticals Inc,Time Not Supplied,-,-,-,2019-01-23
RJF,Raymond James Financial Inc,After Market Close,1.73,1.79,+3.47,2019-01-23
FII,Federated Investors Inc,After Market Close,0.6,0.61,+1.67,2019-01-23
ORRF,Orrstown Financial Services Inc,After Market Close,0.16,0.36,+125,2019-01-23
FFIV,F5 Networks Inc,TAS,2.54,2.7,+6.3,2019-01-23
SYF,Synchrony Financial,TAS,0.93,1.09,+17.2,2019-01-23
FVCB,FVCBankcorp Inc,Time Not Supplied,0.27,0.26,-3.7,2019-01-23
NXGN,Nextgen Healthcare Inc,TAS,0.15,0.2,+33.33,2019-01-23
VAR,Varian Medical Systems Inc,TAS,1.07,1.06,-0.93,2019-01-23
PTC,PTC Inc,TAS,0.41,0.57,+39.02,2019-01-23
TXN,Texas Instruments Inc,TAS,1.24,1.27,+2.42,2019-01-23
TDY,Teledyne Technologies Inc,TAS,2.18,2.45,+12.39,2019-01-23
XLNX,Xilinx Inc,TAS,0.85,0.93,+9.41,2019-01-23
RWWI,Rand Worldwide Inc,Time Not Supplied,-,-,-,2019-01-23
HZO,MarineMax Inc,TAS,0.14,0.21,+50,2019-01-23
BPOP,Popular Inc,TAS,1.4,1.34,-4.29,2019-01-23
RES,RPC Inc,TAS,0.1,0.06,-40,2019-01-23
ROL,Rollins Inc,TAS,0.17,0.16,-5.88,2019-01-23
URI,United Rentals Inc,TAS,4.9,4.85,-1.02,2019-01-23
LYTS,LSI Industries Inc,TAS,0.12,0.03,-75,2019-01-23
TER,Teradyne Inc,TAS,0.5,0.63,+26,2019-01-23
SRCE,1st Source Corp,Time Not Supplied,0.86,0.82,-4.65,2019-01-24
AGYS,Agilysys Inc,TAS,-0.1,-0.11,-10,2019-01-24
WAL,Western Alliance Bancorp,TAS,1.07,1.13,+5.61,2019-01-24
AAL,American Airlines Group Inc,TAS,1.01,1.04,+2.97,2019-01-24
CARE,Carter Bank and Trust,Time Not Supplied,-,-,-,2019-01-24
ALK,Alaska Air Group Inc,After Market Close,0.71,0.75,+5.63,2019-01-24
LUV,Southwest Airlines Co,TAS,1.07,1.17,+9.35,2019-01-24
JBLU,JetBlue Airways Corp,TAS,0.43,0.5,+16.28,2019-01-24
AMRB,American River Bankshares,TAS,0.23,0.19,-17.39,2019-01-24
AVT,Avnet Inc,TAS,1.04,1.04,-,2019-01-24
STND,Standard AVB Financial Corp,Time Not Supplied,-,-,-,2019-01-24
AEP,American Electric Power Company Inc,TAS,0.71,0.72,+1.41,2019-01-24
ASB,Associated Banc-Corp,TAS,0.49,0.5,+2.04,2019-01-24
ANCB,Anchor Bancorp Inc,Time Not Supplied,-,-,-,2019-01-24
AC,Associated Capital Group Inc,Time Not Supplied,-,-,-,2019-01-24
AVX,AVX Corp,TAS,0.35,0.44,+25.71,2019-01-24
AIT,Applied Industrial Technologies Inc,TAS,1.06,0.99,-6.6,2019-01-24
SHRC,Shore Community Bank,Time Not Supplied,-,-,-,2019-01-24
BMY,Bristol-Myers Squibb Co,TAS,0.85,0.94,+10.59,2019-01-24
BHLB,Berkshire Hills Bancorp Inc,TAS,0.66,0.63,-4.55,2019-01-24
FRBK,Republic First Bancorp Inc,Time Not Supplied,0.06,0.04,-33.33,2019-01-24
LOB,Live Oak Bancshares Inc,TAS,0.12,0.26,+116.67,2019-01-24
GWB,Great Western Bancorp Inc,TAS,0.77,0.79,+2.6,2019-01-24
BHB,Bar Harbor Bankshares,Time Not Supplied,-,-,-,2019-01-24
RBNC,Reliant Bancorp Inc,TAS,0.36,0.35,-2.78,2019-01-24
PVBC,PROVIDENT BANCORP INC,After Market Close,-,-,-,2019-01-24
SBTB,SBT Bancorp Inc,Time Not Supplied,-,-,-,2019-01-24
TOWN,Towne Bank,Before Market Open,0.53,0.49,-7.55,2019-01-24
VIVO,Meridian Bioscience Inc,TAS,0.17,0.2,+17.65,2019-01-24
EBTC,Enterprise Bancorp Inc,After Market Close,-,-,-,2019-01-24
OBNK,Origin Bancorp Inc,TAS,0.54,0.55,+1.85,2019-01-24
SBCF,Seacoast Banking Corporation of Florida,TAS,0.44,0.33,-25,2019-01-24
BWB,Bridgewater Bancshares Inc,Time Not Supplied,0.23,0.25,+8.7,2019-01-24
GBNK,Guaranty Bancorp,Time Not Supplied,-,-,-,2019-01-24
SYBT,Stock Yards Bancorp Inc,TAS,0.6,0.64,+6.67,2019-01-24
SLRK,Solera National Bancorp Inc,Before Market Open,-,-,-,2019-01-24
HBMD,Howard Bancorp Inc,Before Market Open,0.22,0.2,-9.09,2019-01-24
SONA,Southern National Bancorp of Virginia Inc,TAS,0.33,0.32,-3.03,2019-01-24
RVSB,Riverview Bancorp Inc,After Market Close,0.18,0.19,+5.56,2019-01-24
BANC,Banc of California Inc,TAS,0.23,0.18,-21.74,2019-01-24
HFBL,Home Federal Bancorp Inc of Louisiana,After Market Close,-,-,-,2019-01-24
NBHC,National Bank Holdings Corp,TAS,0.54,0.55,+1.85,2019-01-24
INBK,First Internet Bancorp,TAS,0.6,0.53,-11.67,2019-01-24
CUBI,Customers Bancorp Inc,After Market Close,0.5,0.53,+6,2019-01-24
WAYN,Wayne Savings Bancshares Inc,After Market Close,-,-,-,2019-01-24
EQBK,Equity Bancshares Inc,TAS,0.74,0.62,-16.22,2019-01-24
WEBK,Wellesley Bancorp Inc,Time Not Supplied,-,-,-,2019-01-24
MSBI,Midland States Bancorp Inc,After Market Close,0.64,0.67,+4.69,2019-01-24
COLB,Columbia Banking System Inc,TAS,0.68,0.61,-10.29,2019-01-24
WTBA,West Bancorporation Inc,TAS,0.43,0.44,+2.33,2019-01-24
HBAN,Huntington Bancshares Inc,TAS,0.33,0.29,-12.12,2019-01-24
PKBK,Parke Bancorp Inc,Time Not Supplied,-,-,-,2019-01-24
GBCI,Glacier Bancorp Inc,TAS,0.61,0.59,-3.28,2019-01-24
MCB,Metropolitan Bank Holding Corp,Before Market Open,0.76,0.75,-1.32,2019-01-24
EWBC,East West Bancorp Inc,TAS,1.16,1.18,+1.72,2019-01-24
FMBH,First Mid Bancshares Inc,After Market Close,0.73,0.62,-15.07,2019-01-24
MGYR,Magyar Bancorp Inc,Time Not Supplied,-,-,-,2019-01-24
CNOB,ConnectOne Bancorp Inc,TAS,0.55,0.6,+9.09,2019-01-24
DCOM,Dime Community Bancshares Inc,TAS,0.32,0.34,+6.25,2019-01-24
FBIZ,First Business Financial Services Inc,Time Not Supplied,0.48,0.46,-4.17,2019-01-24
TBBK,Bancorp Inc,TAS,0.17,0.16,-5.88,2019-01-24
MCBC,Macatawa Bank Corp,Time Not Supplied,0.2,0.21,+5,2019-01-24
FFIN,First Financial Bankshares Inc,TAS,0.29,0.29,-,2019-01-24
MKC,McCormick & Company Inc,TAS,1.7,1.67,-1.76,2019-01-24
PCSB,PCSB Financial Corp,Time Not Supplied,0.11,0.14,+27.27,2019-01-24
UVSP,Univest Financial Corp,TAS,0.51,0.63,+23.53,2019-01-24
COL,Rockwell Collins Inc,Time Not Supplied,-,-,-,2019-01-24
ETFC,E*TRADE Financial Corp,TAS,1.03,1.06,+2.91,2019-01-24
WBS,Webster Financial Corp,TAS,0.98,1.01,+3.06,2019-01-24
CFFI,C&F Financial Corp,Time Not Supplied,-,-,-,2019-01-24
INTC,Intel Corp,After Market Close,1.22,1.28,+4.92,2019-01-24
HTBK,Heritage Commerce Corp,TAS,0.28,0.3,+7.14,2019-01-24
ORIT,Oritani Financial Corp,TAS,0.26,0.31,+19.23,2019-01-24
NSC,Norfolk Southern Corp,TAS,2.29,2.57,+12.23,2019-01-24
UNP,Union Pacific Corp,TAS,2.06,2.12,+2.91,2019-01-24
KOSS,Koss Corp,Time Not Supplied,-,-,-,2019-01-24
PCB,Pacific City Financial Corp,Time Not Supplied,0.4,0.41,+2.5,2019-01-24
DLX,Deluxe Corp,TAS,1.47,1.54,+4.76,2019-01-24
HFWA,Heritage Financial Corp,TAS,0.5,0.45,-10,2019-01-24
CHCO,City Holding Co,Before Market Open,1.24,0.68,-45.16,2019-01-24
WDC,Western Digital Corp,TAS,1.51,1.45,-3.97,2019-01-24
CVTI,Covenant Transportation Group Inc,TAS,0.76,0.92,+21.05,2019-01-24
ORI,Old Republic International Corp,TAS,0.45,0.45,-,2019-01-24
RIVE,Riverview Financial Corp,Time Not Supplied,-,-,-,2019-01-24
STRT,Strattec Security Corp,After Market Close,-,-,-,2019-01-24
PFLC,Pacific Financial Corp,Time Not Supplied,-,-,-,2019-01-24
NWFL,Norwood Financial Corp,Time Not Supplied,-,-,-,2019-01-24
OCFC,OceanFirst Financial Corp,TAS,0.56,0.54,-3.57,2019-01-24
ISCA,International Speedway Corp,TAS,0.69,0.62,-10.14,2019-01-24
DNBF,DNB Financial Corp,Time Not Supplied,0.65,0.69,+6.15,2019-01-24
SBUX,Starbucks Corp,After Market Close,0.65,0.75,+15.38,2019-01-24
DDE,Dover Downs Gaming & Entertainment Inc,TAS,-,-,-,2019-01-24
DVD,Dover Motorsports Inc,Time Not Supplied,-,-,-,2019-01-24
DFS,Discover Financial Services,TAS,2.06,2.03,-1.46,2019-01-24
TAL,TAL Education Group,Before Market Open,0.08,0.21,+162.5,2019-01-24
FCX,Freeport-McMoRan Inc,TAS,0.18,0.11,-38.89,2019-01-24
FSB,Franklin Financial Network Inc,TAS,0.62,0.61,-1.61,2019-01-24
FHB,First Hawaiian Inc,TAS,0.52,0.58,+11.54,2019-01-24
FFNW,First Financial Northwest Inc,Time Not Supplied,0.27,0.21,-22.22,2019-01-24
MOFG,Midwestone Financial Group Inc,TAS,0.66,0.62,-6.06,2019-01-24
SIVB,SVB Financial Group,TAS,4.71,4.96,+5.31,2019-01-24
MYFW,First Western Financial Inc,Time Not Supplied,0.22,0.22,-,2019-01-24
SCSG,SouthCrest Financial Group Inc,Time Not Supplied,0.14,0.17,+21.43,2019-01-24
GWW,W W Grainger Inc,TAS,3.59,3.96,+10.31,2019-01-24
LGL,LGL Group Inc,TAS,-,-,-,2019-01-24
QCRH,QCR Holdings Inc,TAS,0.87,0.84,-3.45,2019-01-24
HTH,Hilltop Holdings Inc,TAS,0.45,0.3,-33.33,2019-01-24
ISRG,Intuitive Surgical Inc,TAS,3.07,2.96,-3.58,2019-01-24
NURO,NeuroMetrix Inc,TAS,-0.14,-0.2,-42.86,2019-01-24
LTRX,Lantronix Inc,TAS,0.03,0.03,-,2019-01-24
SMBK,SmartFinancial Inc,TAS,0.37,0.35,-5.41,2019-01-24
INTV,Integrated Ventures Inc,Time Not Supplied,-,-,-,2019-01-24
TXT,Textron Inc,TAS,0.98,1.15,+17.35,2019-01-24
MMYT,MakeMyTrip Ltd,Before Market Open,-0.37,-0.28,+24.32,2019-01-24
MRTN,Marten Transport Ltd,After Market Close,0.27,0.29,+7.41,2019-01-24
ABTO,AB&T Financial Corp,Time Not Supplied,-,-,-,2019-01-25
ABTX,Allegiance Bancshares Inc,TAS,0.01,0.59,+5800,2019-01-25
ABCB,Ameris Bancorp,TAS,0.92,0.96,+4.35,2019-01-25
APD,Air Products and Chemicals Inc,TAS,1.87,1.86,-0.53,2019-01-25
ABBV,AbbVie Inc,TAS,1.94,1.9,-2.06,2019-01-25
BY,Byline Bancorp Inc,TAS,0.39,0.49,+25.64,2019-01-25
SAL,Salisbury Bancorp Inc,Time Not Supplied,0.84,0.92,+9.52,2019-01-25
HONE,HarborOne Bancorp Inc,Time Not Supplied,0.08,-,-100,2019-01-25
NWIN,Northwest Indiana Bancorp,Time Not Supplied,-,-,-,2019-01-25
RBNC,Reliant Bancorp Inc,After Market Close,0.36,0.35,-2.78,2019-01-25
BAYK,Bay Banks of Virginia Inc,Time Not Supplied,0.08,0.1,+25,2019-01-25
CSBB,CSB Bancorp Inc,After Market Close,-,-,-,2019-01-25
FNCB,FNCB Bancorp Inc,After Market Close,-,-,-,2019-01-25
RBCAA,Republic Bancorp Inc,Before Market Open,0.65,0.83,+27.69,2019-01-25
FRBA,First Bank,TAS,0.26,0.22,-15.38,2019-01-25
CIBH,CIB Marine Bancshares Inc,Time Not Supplied,-,-,-,2019-01-25
SLCT,Select Bancorp Inc,Time Not Supplied,0.2,0.23,+15,2019-01-25
KSBI,Ks Bancorp Inc,Time Not Supplied,-,-,-,2019-01-25
FMBM,F & M Bank Corp,Before Market Open,-,-,-,2019-01-25
ESXB,Community Bankers Trust Corp,TAS,0.17,0.15,-11.76,2019-01-25
IROQ,IF Bancorp Inc,Time Not Supplied,-,-,-,2019-01-25
MSBI,Midland States Bancorp Inc,TAS,0.64,0.67,+4.69,2019-01-25
NFBK,Northfield Bancorp Inc,After Market Close,0.2,0.21,+5,2019-01-25
OPBK,Open Bank,Time Not Supplied,0.21,0.23,+9.52,2019-01-25
UBCP,United Bancorp Inc,Before Market Open,-,-,-,2019-01-25
MLVF,Malvern Bancorp Inc,Before Market Open,0.33,0.27,-18.18,2019-01-25
FSRL,First Reliance Bancshares Inc,Time Not Supplied,-,-,-,2019-01-25
CWBC,Community West Bancshares,Before Market Open,-,-,-,2019-01-25
BOTJ,Bank of the James,Time Not Supplied,-,-,-,2019-01-25
GOVB,Gouverneur Bancorp Inc,Time Not Supplied,-,-,-,2019-01-25
LKFN,Lakeland Financial Corp,TAS,0.79,0.83,+5.06,2019-01-25
TMP,Tompkins Financial Corp,Time Not Supplied,1.34,1.23,-8.21,2019-01-25
EMCF,Emclaire Financial Corp,Time Not Supplied,-,-,-,2019-01-25
PGC,Peapack-Gladstone Financial Corp,Before Market Open,0.57,0.59,+3.51,2019-01-25
LEA,Lear Corp,TAS,3.92,4.05,+3.32,2019-01-25
CL,Colgate-Palmolive Co,TAS,-,-0.11,+1.37,2019-01-25
IBKC,IBERIABANK Corp,TAS,1.78,1.86,+4.49,2019-01-25
CIZN,Citizens Holding Co,Time Not Supplied,-,-,-,2019-01-25
LCNB,LCNB Corp,Time Not Supplied,0.37,0.41,+10.81,2019-01-25
QNBC,QNB Corp,Time Not Supplied,-,-,-,2019-01-25
CZFS,Citizens Financial Services Inc,Time Not Supplied,1.31,1.28,-2.29,2019-01-25
CARO,Carolina Financial Corp,TAS,0.68,0.75,+10.29,2019-01-25
CCB,Coastal Financial Corp,Time Not Supplied,0.24,0.25,+4.17,2019-01-25
CSTR,Capstar Financial Holdings Inc,TAS,0.28,0.33,+17.86,2019-01-25
DHI,D.R. Horton Inc,Before Market Open,0.78,-,-,2019-01-25
NEE,NextEra Energy Inc,Before Market Open,1.53,1.49,-2.61,2019-01-25
NEP,Nextera Energy Partners LP,Before Market Open,0.56,-0.39,-169.64,2019-01-25
ESQ,Esquire Financial Holdings Inc,Time Not Supplied,0.37,0.37,-,2019-01-25
FAMI,Farmmi Inc,Time Not Supplied,-,-,-,2019-01-25
FSFG,First Savings Financial Group Inc,After Market Close,1.08,1.24,+14.81,2019-01-25
SBFG,SB Financial Group Inc,TAS,0.38,0.37,-2.63,2019-01-25
FOR,Forestar Group Inc,TAS,0.13,-0.04,-130.77,2019-01-25
HRC,Hill-Rom Holdings Inc,TAS,0.98,1.02,+4.08,2019-01-25
TESS,TESSCO Technologies Inc,TAS,0.19,0.32,+68.42,2019-01-25
NVR,NVR Inc,TAS,50.67,58.57,+15.59,2019-01-25
NBTB,NBT Bancorp Inc,TAS,0.65,0.81,+24.62,2019-01-27
FFMH,First Farmers and Merchants Corp,Time Not Supplied,-,-,-,2019-01-28
ETH,Ethan Allen Interiors Inc,TAS,0.46,0.46,-,2019-01-28
ASA,ASA Gold and Precious Metals Ltd,Time Not Supplied,-,-,-,2019-01-28
RGA,Reinsurance Group of America Inc,TAS,3.48,3.46,-0.57,2019-01-28
GABC,German American Bancorp Inc,TAS,0.53,0.53,-,2019-01-28
ARLP,Alliance Resource Partners LP,TAS,0.75,0.63,-16,2019-01-28
AKS,AK Steel Holding Corp,TAS,0.11,0.16,+45.45,2019-01-28
AET,Aetna Inc,TAS,-,-,-,2019-01-28
BDGE,Bridge Bancorp Inc,Time Not Supplied,0.67,0.7,+4.48,2019-01-28
BOH,Bank of Hawaii Corp,TAS,1.35,1.3,-3.7,2019-01-28
FBP,First Bancorp,Before Market Open,0.16,0.2,+25,2019-01-28
BMRC,Bank of Marin Bancorp,TAS,0.61,0.69,+13.11,2019-01-28
FRBK,Republic First Bancorp Inc,TAS,0.06,0.04,-33.33,2019-01-28
SBT,Sterling Bancorp Inc,After Market Close,0.28,0.3,+7.14,2019-01-28
LSBK,Lake Shore Bancorp Inc,Time Not Supplied,-,-,-,2019-01-28
SALT,Scorpio Bulkers Inc,Before Market Open,0.13,0.02,-84.62,2019-01-28
LBAI,Lakeland Bancorp Inc,Before Market Open,0.34,0.35,+2.94,2019-01-28
SFBC,Sound Financial Bancorp Inc,Time Not Supplied,-,-,-,2019-01-28
WASH,Washington Trust Bancorp Inc,TAS,0.98,0.98,-,2019-01-28
IBTX,Independent Bank Group Inc,TAS,1.21,1.12,-7.44,2019-01-28
FUSB,First US Bancshares Inc,Time Not Supplied,-,-,-,2019-01-28
NRIM,Northrim BanCorp Inc,TAS,0.77,0.69,-10.39,2019-01-28
BRO,Brown & Brown Inc,After Market Close,0.27,0.26,-3.7,2019-01-28
CZWI,Citizens Community Bancorp Inc,Time Not Supplied,0.22,0.12,-45.45,2019-01-28
OPB,Opus Bank,TAS,0.29,0.28,-3.45,2019-01-28
MPB,Mid Penn Bancorp Inc,Time Not Supplied,-,-,-,2019-01-28
CADE,Cadence Bancorp,TAS,0.53,0.48,-9.43,2019-01-28
PWOD,Penns Woods Bancorp Inc,Time Not Supplied,-,-,-,2019-01-28
FCBP,First Choice Bancorp,Time Not Supplied,0.53,0.61,+15.09,2019-01-28
PEBK,Peoples Bancorp of North Carolina Inc,Time Not Supplied,-,-,-,2019-01-28
VABK,Virginia National Bankshares Corp,Time Not Supplied,-,-,-,2019-01-28
FSBW,FS Bancorp Inc,After Market Close,1.15,1.43,+24.35,2019-01-28
PMBC,Pacific Mercantile Bancorp,Before Market Open,0.18,0.19,+5.56,2019-01-28
MBTF,MBT Financial Corp,After Market Close,0.21,0.17,-19.05,2019-01-28
SFDL,Security Federal Corp,After Market Close,-,-,-,2019-01-28
LOGN,Logansport Financial Corp,Time Not Supplied,-,-,-,2019-01-28
CR,Crane Co,TAS,1.53,1.64,+7.19,2019-01-28
TCF,TCF Financial Corp,TAS,0.47,0.51,+8.51,2019-01-28
CHFC,Chemical Financial Corp,TAS,0.98,1.01,+3.06,2019-01-28
PRK,Park National Corp,TAS,1.69,1.67,-1.18,2019-01-28
WHR,Whirlpool Corp,TAS,4.23,4.75,+12.29,2019-01-28
CE,Celanese Corp,TAS,2.4,2.38,-0.83,2019-01-28
CAT,Caterpillar Inc,TAS,2.99,2.55,-14.72,2019-01-28
COMM,CommScope Holding Company Inc,TAS,0.43,0.51,+18.6,2019-01-28
SANM,Sanmina Corp,TAS,0.71,0.83,+16.9,2019-01-28
ISTR,Investar Holding Corp,Time Not Supplied,0.43,0.45,+4.65,2019-01-28
JJSF,J & J Snack Foods Corp,TAS,0.88,0.88,-,2019-01-28
FEDU,Four Seasons Education (Cayman) Inc,TAS,0.07,0.04,-42.86,2019-01-28
SSB,South State Corp,TAS,1.31,1.35,+3.05,2019-01-28
CCNE,CNB Financial Corp,TAS,0.58,0.59,+1.72,2019-01-28
IDTI,Integrated Device Technology Inc,After Market Close,0.46,0.5,+8.7,2019-01-28
ENTG,Entegris Inc,TAS,0.46,0.47,+2.17,2019-01-28
ELS,Equity LifeStyle Properties Inc,TAS,0.62,0.56,-9.68,2019-01-28
ESI,Element Solutions Inc,TAS,0.02,0.02,-,2019-01-28
CASH,Meta Financial Group Inc,TAS,0.4,0.39,-2.5,2019-01-28
SVVC,Firsthand Technology Value Fund Inc,Before Market Open,-,-,-,2019-01-28
HTLF,Heartland Financial USA Inc,TAS,1,0.93,-7,2019-01-28
HMNF,HMN Financial Inc,Time Not Supplied,-,-,-,2019-01-28
PROV,Provident Financial Holdings Inc,TAS,0.23,0.26,+13.04,2019-01-28
GGG,Graco Inc,TAS,0.43,0.43,-,2019-01-28
GLGI,Greystone Logistics Inc,Time Not Supplied,-,-,-,2019-01-28
PSBQ,PSB Holdings Inc,After Market Close,-,-,-,2019-01-28
TVTY,Tivity Health Inc,TAS,0.58,0.73,+25.86,2019-01-28
RMBS,Rambus Inc,Time Not Supplied,0.26,0.28,+7.69,2019-01-28
LUB,Luby's Inc,TAS,-,-,-,2019-01-28
WRK,WRKCO INC,Before Market Open,0.79,0.83,+5.06,2019-01-28
WSBC,WesBanco Inc,TAS,0.75,0.8,+6.67,2019-01-28
NTRI,Nutrisystem Inc,TAS,0.6,0.61,+1.67,2019-01-28
NTP,Nam Tai Property Inc,TAS,-,-,-,2019-01-28
WWD,Woodward Inc,TAS,0.74,0.96,+29.73,2019-01-28
MMM,3M Co,TAS,2.28,2.31,+1.32,2019-01-29
EGHT,8x8 Inc,TAS,-0.06,-0.06,-,2019-01-29
AGN,Allergan plc,TAS,4.15,4.29,+3.37,2019-01-29
AROW,Arrow Financial Corp,Before Market Open,0.63,0.6,-4.76,2019-01-29
NCV,Allianzgi Convertible & Income Fund,Time Not Supplied,-,-,-,2019-01-29
AX,Axos Financial Inc,TAS,0.63,0.62,-1.59,2019-01-29
PKG,Packaging Corp of America,TAS,2.14,2.17,+1.4,2019-01-29
ALV,Autoliv Inc,TAS,1.75,1.42,-18.86,2019-01-29
AAPL,Apple Inc,TAS,4.17,4.18,+0.24,2019-01-29
AMGN,Amgen Inc,TAS,3.27,3.42,+4.59,2019-01-29
AMAL,Amalgamated Bank,TAS,0.36,0.3,-16.67,2019-01-29
HP,Helmerich and Payne Inc,TAS,0.3,0.42,+40,2019-01-29
AXE,Anixter International Inc,TAS,1.45,1.53,+5.52,2019-01-29
AMD,Advanced Micro Devices Inc,TAS,0.08,0.08,-,2019-01-29
AUBN,Auburn National Bancorporation Inc,Time Not Supplied,-,-,-,2019-01-29
MAA,Mid-America Apartment Communities Inc,After Market Close,0.49,0.53,+8.16,2019-01-29
ALGN,Align Technology Inc,TAS,1.15,1.2,+4.35,2019-01-29
AOS,A. O. Smith Corp,TAS,0.7,0.74,+5.71,2019-01-29
AMBZ,American Business Bank,Time Not Supplied,-,-,-,2019-01-29
ROK,Rockwell Automation Inc,TAS,1.99,2.21,+11.06,2019-01-29
CART,Carolina Trust Bancshares Inc,Time Not Supplied,-,-,-,2019-01-29
BXP,Boston Properties Inc,TAS,0.77,0.96,+24.68,2019-01-29
AMTB,Mercantil Bank Holding Corp,Time Not Supplied,0.3,0.47,+56.67,2019-01-29
TRCB,Two River Bancorp,Time Not Supplied,0.32,0.35,+9.37,2019-01-29
CCBG,Capital City Bank Group Inc,TAS,0.37,0.41,+10.81,2019-01-29
HBCP,Home Bancorp Inc,Before Market Open,0.86,0.87,+1.16,2019-01-29
NBN,Northeast Bancorp,TAS,0.71,0.56,-21.13,2019-01-29
SSBI,Summit State Bank,Time Not Supplied,-,-,-,2019-01-29
BPRN,Bank Of Princeton,Time Not Supplied,0.56,0.55,-1.79,2019-01-29
RBB,RBB Bancorp,TAS,0.54,0.54,-,2019-01-29
OVBC,Ohio Valley Banc Corp,Time Not Supplied,-,-,-,2019-01-29
TCBK,Trico Bancshares,TAS,0.69,0.76,+10.14,2019-01-29
WRB,W. R. Berkley Corp,TAS,0.53,0.63,+18.87,2019-01-29
PUB,People's Utah Bancorp,TAS,0.55,0.56,+1.82,2019-01-29
EAT,Brinker International Inc,TAS,0.89,0.89,-,2019-01-29
PPBI,Pacific Premier Bancorp Inc,TAS,0.6,0.66,+10,2019-01-29
BIIB,Biogen Inc,Before Market Open,6.73,6.99,+3.86,2019-01-29
LBC,Luther Burbank Corp,TAS,0.2,0.19,-5,2019-01-29
WNEB,Western New England Bancorp Inc,Time Not Supplied,0.13,0.14,+7.69,2019-01-29
HBNC,Horizon Bancorp Inc,Before Market Open,0.37,0.34,-8.11,2019-01-29
UBSI,United Bankshares Inc,TAS,0.61,0.62,+1.64,2019-01-29
IBCP,Independent Bank Corp,TAS,0.47,0.41,-12.77,2019-01-29
ORPB,Oregon Pacific Bancorp,Time Not Supplied,-,-,-,2019-01-29
BIMT,Bitmis Corp,Time Not Supplied,-,-,-,2019-01-29
EBMT,Eagle Bancorp Montana Inc,Time Not Supplied,0.31,0.26,-16.13,2019-01-29
BCML,BayCom Corp,Time Not Supplied,0.35,0.39,+11.43,2019-01-29
SVBI,Severn Bancorp Inc,Time Not Supplied,-,-,-,2019-01-29
BUSE,First Busey Corp,After Market Close,0.54,0.51,-5.56,2019-01-29
BFST,Business First Bancshares Inc,Time Not Supplied,0.38,0.38,-,2019-01-29
HTBI,Hometrust Bancshares Inc,After Market Close,0.43,0.43,-,2019-01-29
SYK,Stryker Corp,TAS,2.15,2.18,+1.4,2019-01-29
NATI,National Instruments Corp,TAS,0.44,0.42,-4.55,2019-01-29
CIT,CIT Group Inc,TAS,1.14,1.1,-3.51,2019-01-29
CHRW,C.H. Robinson Worldwide Inc,TAS,1.21,1.34,+10.74,2019-01-29
WNC,Wabash National Corp,TAS,0.44,0.38,-13.64,2019-01-29
DOV,Dover Corp,TAS,1.29,1.43,+10.85,2019-01-29
UMBF,UMB Financial Corp,TAS,1.11,0.52,-53.15,2019-01-29
KLAC,KLA-Tencor Corp,TAS,2.2,2.44,+10.91,2019-01-29
JVA,Coffee Holding Co Inc,TAS,0.01,0.03,+200,2019-01-29
FRAF,Franklin Financial Services Corp,Time Not Supplied,-,-,-,2019-01-29
GPK,Graphic Packaging Holding Co,TAS,0.19,0.23,+21.05,2019-01-29
PFIS,Peoples Financial Services Corp,After Market Close,-,-,-,2019-01-29
CVLT,CommVault Systems Inc,TAS,0.42,0.54,+28.57,2019-01-29
IEX,IDEX Corp,TAS,1.27,1.31,+3.15,2019-01-29
CFFN,Capitol Federal Financial Inc,Before Market Open,0.18,0.18,-,2019-01-29
NUE,Nucor Corp,TAS,1.94,2.07,+6.7,2019-01-29
XRX,Xerox Corp,TAS,1.04,1.14,+9.62,2019-01-29
GLW,Corning Inc,TAS,0.57,0.59,+3.51,2019-01-29
CAC,Camden National Corp,TAS,0.84,0.91,+8.33,2019-01-29
BBCP,Concrete Pumping Holdings Inc,Time Not Supplied,-,-,-,2019-01-29
RGS,Regis Corp,TAS,-,0.18,-,2019-01-29
SIMO,Silicon Motion Technology Corp,After Market Close,0.83,0.83,-,2019-01-29
DHR,Danaher Corp,TAS,1.27,1.28,+0.79,2019-01-29
COHR,Coherent Inc,TAS,2.07,2.09,+0.97,2019-01-29
LMT,Lockheed Martin Corp,TAS,4.4,4.39,-0.23,2019-01-29
IPHI,Inphi Corp,TAS,0.42,0.45,+7.14,2019-01-29
POL,PolyOne Corp,TAS,0.4,0.41,+2.5,2019-01-29
KTCC,Key Tronic Corp,TAS,-,-,-,2019-01-29
VZ,Verizon Communications Inc,TAS,1.09,1.12,+2.75,2019-01-29
HRS,Harris Corp,TAS,1.91,1.96,+2.62,2019-01-29
FCF,First Commonwealth Financial Corp,TAS,0.27,0.27,-,2019-01-29
PFBX,Peoples Financial Corp,Time Not Supplied,-,-,-,2019-01-29
HOG,Harley-Davidson Inc,TAS,0.28,0.17,-39.29,2019-01-29
EBAY,eBay Inc,TAS,0.68,0.71,+4.41,2019-01-29
EQR,Equity Residential,TAS,0.36,0.31,-13.89,2019-01-29
EXTR,Extreme Networks Inc,TAS,0.1,0.13,+30,2019-01-29
EXP,Eagle Materials Inc,TAS,1.34,1.24,-7.46,2019-01-29
EFII,Electronics for Imaging Inc,TAS,0.46,0.46,-,2019-01-29
FSFG,First Savings Financial Group Inc,After Market Close,1.08,1.24,+14.81,2019-01-29
PFG,Principal Financial Group Inc,TAS,1.29,1.11,-13.95,2019-01-29
SMMF,Summit Financial Group Inc,Time Not Supplied,0.53,0.6,+13.21,2019-01-29
HLI,Houlihan Lokey Inc,TAS,0.7,0.77,+10,2019-01-29
RHI,Robert Half International Inc,TAS,0.91,0.95,+4.4,2019-01-29
SLGN,Silgan Holdings Inc,TAS,0.36,0.38,+5.56,2019-01-29
HI,Hillenbrand Inc,TAS,0.44,0.49,+11.36,2019-01-29
VBTX,Veritex Holdings Inc,TAS,0.46,0.4,-13.04,2019-01-29
KNX,Knight-Swift Transportation Holdings Inc,TAS,0.85,0.93,+9.41,2019-01-29
RNR,Renaissancere Holdings Ltd,TAS,-2.6,0.02,+100.77,2019-01-29
HA,Hawaiian Holdings Inc,TAS,1,1,-,2019-01-29
HCA,HCA Healthcare Inc,TAS,2.58,2.99,+15.89,2019-01-29
MKSI,MKS Instruments Inc,TAS,1.5,1.54,+2.67,2019-01-29
PHM,PulteGroup Inc,TAS,1.1,0.84,-23.64,2019-01-29
PFE,Pfizer Inc,TAS,0.63,0.64,+1.59,2019-01-29
PII,Polaris Industries Inc,TAS,1.82,1.83,+0.55,2019-01-29
TSS,Total System Services Inc,TAS,1.07,1.08,+0.93,2019-01-29
PCAR,PACCAR Inc,TAS,1.53,1.65,+7.84,2019-01-29
LLL,L3 Technologies Inc,TAS,2.7,3.1,+14.81,2019-01-29
MXIM,Maxim Integrated Products Inc,TAS,0.62,0.6,-3.23,2019-01-29
MITK,Mitek Systems Inc,TAS,0.02,0.03,+50,2019-01-29
MRCY,Mercury Systems Inc,TAS,0.42,0.47,+11.9,2019-01-29
VRTX,Vertex Pharmaceuticals Inc,After Market Close,1.06,1.3,+22.64,2019-01-29
ILMN,Illumina Inc,TAS,1.36,1.32,-2.94,2019-01-29
JNPR,Juniper Networks Inc,TAS,0.57,0.59,+3.51,2019-01-29
MSTR,MicroStrategy Inc,TAS,1.21,0.3,-75.21,2019-01-29
MTOR,Meritor Inc,TAS,0.61,0.79,+29.51,2019-01-29
NAP,Navios Maritime Midstream Partners LP,Time Not Supplied,-,-,-,2019-01-29
PNR,Pentair plc,TAS,0.59,0.6,+1.69,2019-01-29
CACC,Credit Acceptance Corp,TAS,7.28,7.79,+7.01,2019-01-30
AXTA,Axalta Coating Systems Ltd,TAS,0.32,0.34,+6.25,2019-01-30
ALLY,Ally Financial Inc,TAS,0.83,0.92,+10.84,2019-01-30
AFG,American Financial Group Inc,TAS,1.93,1.75,-9.33,2019-01-30
AGNC,AGNC Investment Corp,TAS,0.59,0.53,-10.17,2019-01-30
AXS,AXIS Capital Holdings Ltd,TAS,-1.26,-1.77,-40.48,2019-01-30
BABA,Alibaba Group Holding Ltd,Before Market Open,1.68,1.81,+7.74,2019-01-30
ALGT,Allegiant Travel Co,TAS,2.47,2.56,+3.64,2019-01-30
ADP,Automatic Data Processing Inc,TAS,1.18,1.34,+13.56,2019-01-30
ACNB,ACNB Corp,Time Not Supplied,-,-,-,2019-01-30
T,AT&T Inc,TAS,0.86,0.86,-,2019-01-30
AVY,Avery Dennison Corp,TAS,1.5,1.52,+1.33,2019-01-30
AMP,Ameriprise Financial Inc,TAS,3.58,3.8,+6.15,2019-01-30
VBFC,Village Bank and Trust Financial Corp,Time Not Supplied,-,-,-,2019-01-30
ARCB,ArcBest Corp,TAS,0.93,1.01,+8.6,2019-01-30
ANTM,Anthem Inc,TAS,2.2,2.44,+10.91,2019-01-30
AME,Ametek Inc,Before Market Open,0.84,0.86,+2.38,2019-01-30
HWBK,Hawthorn Bancshares Inc,Time Not Supplied,-,-,-,2019-01-30
BCRH,Blue Capital Reinsurance Holdings Ltd,TAS,-3,-2.84,+5.33,2019-01-30
LARK,Landmark Bancorp Inc,TAS,-,-,-,2019-01-30
STXB,Spirit of Texas Bancshares Inc,Time Not Supplied,0.31,0.33,+6.45,2019-01-30
LSBK,Lake Shore Bancorp Inc,Time Not Supplied,-,-,-,2019-01-30
PB,Prosperity Bancshares Inc,TAS,1.18,1.19,+0.85,2019-01-30
FMNB,Farmers National Banc Corp,Before Market Open,0.29,0.31,+6.9,2019-01-30
NYCB,New York Community Bancorp Inc,TAS,0.19,0.19,-,2019-01-30
MBIN,Merchants Bancorp,After Market Close,0.55,0.51,-7.27,2019-01-30
FBHS,Fortune Brands Home & Security Inc,After Market Close,0.93,0.86,-7.53,2019-01-30
BNCC,BNCCorp Inc,Time Not Supplied,-,-,-,2019-01-30
LEVL,Level One Bancorp Inc,Time Not Supplied,-,-,-,2019-01-30
TUP,Tupperware Brands Corp,TAS,1.33,1.33,-,2019-01-30
BRBW,Brunswick Bancorp,Time Not Supplied,-,-,-,2019-01-30
QNTO,Quaint Oak Bancorp Inc,Time Not Supplied,-,-,-,2019-01-30
FNRN,First Northern Community Bancorp,Time Not Supplied,-,-,-,2019-01-30
BA,Boeing Co,TAS,4.57,5.48,+19.91,2019-01-30
BWFG,Bankwell Financial Group Inc,After Market Close,0.56,0.59,+5.36,2019-01-30
HBMD,Howard Bancorp Inc,TAS,0.22,0.2,-9.09,2019-01-30
FDBC,Fidelity D&D Bancorp Inc,Time Not Supplied,-,-,-,2019-01-30
BRKL,Brookline Bancorp Inc,TAS,0.27,0.26,-3.7,2019-01-30
FCNCA,First Citizens BancShares Inc,Before Market Open,-,-,-,2019-01-30
NFBK,Northfield Bancorp Inc,After Market Close,0.2,0.21,+5,2019-01-30
BDN,Brandywine Realty Trust,TAS,0.1,0.68,+580,2019-01-30
LPBC,Lincoln Park Bancorp,Time Not Supplied,-,-,-,2019-01-30
ISBC,Investors Bancorp Inc,TAS,0.18,0.22,+22.22,2019-01-30
BPFH,Boston Private Financial Holdings Inc,TAS,0.23,0.26,+13.04,2019-01-30
BSVN,Bank7 Corp,Time Not Supplied,0.42,0.57,+35.71,2019-01-30
MSL,MidSouth Bancorp Inc,TAS,-0.2,-0.93,-365,2019-01-30
FIBK,First Interstate Bancsystem Inc,TAS,0.74,0.67,-9.46,2019-01-30
BOKF,BOK Financial Corp,TAS,1.28,1.5,+17.19,2019-01-30
GHM,Graham Corp,TAS,0.22,0.24,+9.09,2019-01-30
SEIC,SEI Investments Co,TAS,0.74,0.73,-1.35,2019-01-30
MCD,Mcdonald's Corp,TAS,1.89,1.97,+4.23,2019-01-30
CSII,Cardiovascular Systems Inc,TAS,-0.04,0.01,+125,2019-01-30
PMHG,Prime Meridian Holding Co,Time Not Supplied,-,-,-,2019-01-30
SXI,Standex International Corp,TAS,1.21,0.98,-19.01,2019-01-30
WVFC,W V S Financial Corp,Time Not Supplied,-,-,-,2019-01-30
GD,General Dynamics Corp,TAS,2.98,3.07,+3.02,2019-01-30
CMO,Capstead Mortgage Corp,TAS,0.05,0.05,-,2019-01-30
HES,Hess Corp,TAS,-0.41,-0.31,+24.39,2019-01-30
TFSL,TFS Financial Corp,TAS,0.08,0.07,-12.5,2019-01-30
CBTX,CBTX Inc,Time Not Supplied,0.48,0.56,+16.67,2019-01-30
CRUS,Cirrus Logic Inc,TAS,0.8,0.91,+13.75,2019-01-30
LCNB,LCNB Corp,Time Not Supplied,0.37,0.41,+10.81,2019-01-30
RCL,Royal Caribbean Cruises Ltd,TAS,1.51,1.53,+1.32,2019-01-30
FICO,Fair Isaac Corp,TAS,1.42,1.45,+2.11,2019-01-30
OSK,Oshkosh Corp,TAS,0.97,1.61,+65.98,2019-01-30
GHL,Greenhill & Co Inc,TAS,0.55,0.48,-12.73,2019-01-30
CPF,Central Pacific Financial Corp,TAS,0.49,0.54,+10.2,2019-01-30
CHKP,Check Point Software Technologies Ltd,TAS,1.63,1.68,+3.07,2019-01-30
CREE,Cree Inc,TAS,0.17,0.23,+35.29,2019-01-30
FLIC,First of Long Island Corp,Time Not Supplied,0.42,0.39,-7.14,2019-01-30
TSC,TriState Capital Holdings Inc,TAS,0.46,0.49,+6.52,2019-01-30
X,United States Steel Corp,TAS,1.84,1.82,-1.09,2019-01-30
RXN,Rexnord Corp,TAS,0.4,0.47,+17.5,2019-01-30
SMG,Scotts Miracle-Gro Co,TAS,-1.25,-1.39,-11.2,2019-01-30
SC,Santander Consumer USA Holdings Inc,TAS,0.37,0.29,-21.62,2019-01-30
CMPR,Cimpress NV,TAS,2.38,2.17,-8.82,2019-01-30
CLB,Core Laboratories NV,TAS,0.49,0.48,-2.04,2019-01-30
MSFT,Microsoft Corp,TAS,1.09,1.1,+0.92,2019-01-30
MTH,Meritage Homes Corp,TAS,1.52,1.91,+25.66,2019-01-30
CACI,CACI International Inc,TAS,2.28,2.71,+18.86,2019-01-30
KRNY,Kearny Financial Corp,After Market Close,0.12,0.12,-,2019-01-30
DRE,Duke Realty Corp,TAS,0.12,0.18,+50,2019-01-30
GNTX,Gentex Corp,TAS,0.44,0.41,-6.82,2019-01-30
DLB,Dolby Laboratories Inc,TAS,0.53,0.93,+75.47,2019-01-30
EVR,Evercore Inc,TAS,2.18,3.93,+80.28,2019-01-30
EZPW,EZCORP Inc,TAS,0.22,0.31,+40.91,2019-01-30
EFSI,Eagle Financial Services Inc,Time Not Supplied,-,-,-,2019-01-30
ESS,Essex Property Trust Inc,TAS,1.13,1.78,+57.52,2019-01-30
BEN,Franklin Resources Inc,TAS,0.65,0.54,-16.92,2019-01-30
FLEX,Flex Ltd,TAS,0.3,0.34,+13.33,2019-01-30
FFWM,First Foundation Inc,TAS,0.28,0.31,+10.71,2019-01-30
TMO,Thermo Fisher Scientific Inc,TAS,3.18,3.25,+2.2,2019-01-30
FB,Facebook Inc,TAS,2.19,2.38,+8.68,2019-01-30
WSBF,Waterstone Financial Inc (Wisconsin),After Market Close,0.24,0.21,-12.5,2019-01-30
TROW,T. Rowe Price Group Inc,TAS,1.6,1.41,-11.88,2019-01-30
THR,Thermon Group Holdings Inc,Before Market Open,0.34,0.4,+17.65,2019-01-30
THG,Hanover Insurance Group Inc,TAS,1.47,1.51,+2.72,2019-01-30
GLOP,GasLog Partners LP,Before Market Open,0.47,0.3,-36.17,2019-01-30
SIRI,Sirius XM Holdings Inc,TAS,0.06,0.06,-,2019-01-30
MKTX,Marketaxess Holdings Inc,TAS,1.16,1.21,+4.31,2019-01-30
HESM,Hess Midstream Partners LP,TAS,0.32,0.31,-3.13,2019-01-30
PATI,Patriot Transportation Holding Inc,TAS,-,-,-,2019-01-30
PYPL,PayPal Holdings Inc,TAS,0.67,0.69,+2.99,2019-01-30
HOLX,Hologic Inc,TAS,0.57,0.58,+1.75,2019-01-30
QCOM,Qualcomm Inc,TAS,1.09,1.2,+10.09,2019-01-30
SRDX,Surmodics Inc,TAS,-,0.12,-,2019-01-30
SKYW,SkyWest Inc,After Market Close,1.08,1.28,+18.52,2019-01-30
EGOV,NIC Inc,TAS,0.13,0.15,+15.38,2019-01-30
IVAC,Intevac Inc,TAS,0.06,0.09,+50,2019-01-30
MSI,Motorola Solutions Inc,After Market Close,2.53,2.63,+3.95,2019-01-30
IVZ,Invesco Ltd,TAS,0.53,0.44,-16.98,2019-01-30
TSLA,Tesla Inc,TAS,2.2,1.93,-12.27,2019-01-30
LSTR,Landstar System Inc,TAS,1.59,1.68,+5.66,2019-01-30
NDAQ,Nasdaq Inc,TAS,1.27,1.26,-0.79,2019-01-30
NOW,ServiceNow Inc,TAS,0.63,0.77,+22.22,2019-01-30
MDLZ,Mondelez International Inc,TAS,0.63,0.63,-,2019-01-30
LFUS,Littelfuse Inc,TAS,2,1.87,-6.5,2019-01-30
OSIS,OSI Systems Inc,After Market Close,0.96,1.19,+23.96,2019-01-30
V,Visa Inc,TAS,1.25,1.3,+4,2019-01-30
LLNW,Limelight Networks Inc,TAS,-0.01,-,+100,2019-01-30
MUSA,Murphy USA Inc,TAS,2.36,2.38,+0.85,2019-01-30
SLAB,Silicon Laboratories Inc,TAS,0.94,0.91,-3.19,2019-01-30
OIIM,O2micro International Ltd,TAS,-0.05,-0.12,-140,2019-01-30
TTEK,Tetra Tech Inc,TAS,0.62,0.7,+12.9,2019-01-30
IR,Ingersoll-Rand PLC,TAS,1.29,1.32,+2.33,2019-01-30
NTCT,Netscout Systems Inc,TAS,0.4,0.45,+12.5,2019-01-30
DATA,Tableau Software Inc,After Market Close,-0.08,-0.03,+62.5,2019-01-30
WYNN,Wynn Resorts Ltd,TAS,1.35,1.06,-21.48,2019-01-30
MLNX,Mellanox Technologies Ltd,After Market Close,1.3,1.42,+9.23,2019-01-30
MJCO,Majesco,TAS,-,-,-,2019-01-30